2020/06/28 05:44:16,357
2020/06/28 05:45:10,735
2020/06/28 05:45:11,682
2020/06/28 05:45:12,467
2020/06/28 05:45:13,60
2020/06/28 05:45:13,856
2020/06/28 05:45:13,272
2020/06/28 05:45:13,639
2020/06/28 05:45:13,143
2020/06/28 05:45:13,97
2020/06/28 05:45:13,895
2020/06/28 05:45:13,365
2020/06/28 05:45:13,290
2020/06/28 05:45:13,335
2020/06/28 05:45:13,631
2020/06/28 05:45:13,652
2020/06/28 05:45:13,449
2020/06/28 05:45:13,791
2020/06/28 05:45:13,87
2020/06/28 05:45:13,329
2020/06/28 05:45:13,518
2020/06/28 05:45:13,456
2020/06/28 05:45:13,624
2020/06/28 05:45:13,1000
2020/06/28 05:45:13,66
2020/06/28 05:45:13,405
2020/06/28 05:45:13,849
2020/06/28 05:45:13,865
2020/06/28 05:45:13,36
2020/06/28 05:45:13,362
2020/06/28 05:45:13,997
2020/06/28 05:45:13,578
2020/06/28 05:45:13,233
2020/06/28 05:45:13,829
2020/06/28 05:45:13,812
2020/06/28 05:45:13,890
2020/06/28 05:45:13,42
2020/06/28 05:45:13,428
2020/06/28 05:45:13,344
2020/06/28 05:45:13,472
2020/06/28 05:45:13,662
2020/06/28 05:45:13,415
2020/06/28 05:45:13,104
2020/06/28 05:45:13,431
2020/06/28 05:45:13,229
2020/06/28 05:45:13,50
2020/06/28 05:45:13,863
2020/06/28 05:45:13,963
2020/06/28 05:45:13,477
2020/06/28 05:45:13,914
2020/06/28 05:45:13,25
2020/06/28 05:45:13,609
2020/06/28 05:45:13,921
2020/06/28 05:45:13,471
2020/06/28 05:45:13,406
2020/06/28 05:45:13,186
2020/06/28 05:45:13,515
2020/06/28 05:45:13,743
2020/06/28 05:45:13,288
2020/06/28 05:45:13,426
2020/06/28 05:45:13,476
2020/06/28 05:45:13,124
2020/06/28 05:45:13,356
2020/06/28 05:45:13,989
2020/06/28 05:45:13,995
2020/06/28 05:45:13,546
2020/06/28 05:45:13,127
2020/06/28 05:45:13,995
2020/06/28 05:45:13,809
2020/06/28 05:45:13,778
2020/06/28 05:45:13,379
2020/06/28 05:45:13,885
2020/06/28 05:45:13,95
2020/06/28 05:45:13,712
2020/06/28 05:45:13,825
2020/06/28 05:45:13,631
2020/06/28 05:45:13,47
2020/06/28 05:45:13,835
2020/06/28 05:45:13,288
2020/06/28 05:45:13,906
2020/06/28 05:45:13,731
2020/06/28 05:45:13,63
2020/06/28 05:45:13,155
2020/06/28 05:45:13,548
2020/06/28 05:45:13,157
2020/06/28 05:45:13,221
2020/06/28 05:45:13,84
2020/06/28 05:45:13,198
2020/06/28 05:45:13,714
2020/06/28 05:45:13,546
2020/06/28 05:45:13,9
2020/06/28 05:45:13,184
2020/06/28 05:45:13,131
2020/06/28 05:45:13,4
2020/06/28 05:45:13,533
2020/06/28 05:45:13,238
2020/06/28 05:45:13,900
2020/06/28 05:45:13,619
2020/06/28 05:45:13,23
2020/06/28 05:45:13,560
2020/06/28 05:45:13,363
2020/06/28 05:45:13,97
2020/06/28 05:48:39,718
2020/06/28 05:48:40,495
2020/06/28 05:48:41,493
2020/06/28 05:48:42,499
2020/06/28 05:48:43,248
2020/06/28 05:48:44,576
2020/06/28 05:48:45,737